lr-Adam,step,train_loss,epoch,val_Class_Accuracy,val_No_Obj_Accuracy,val_Obj_Accuracy,test_Class_Accuracy,test_No_Obj_Accuracy,test_Obj_Accuracy
2.0423291792006875e-05,49,,,,,,,,
,49,41.793540954589844,0,,,,,,
3.105930382466696e-05,99,,,,,,,,
,99,32.20330047607422,0,,,,,,
4.169531585732703e-05,149,,,,,,,,
,149,27.28003692626953,0,,,,,,
5.2331327889987105e-05,199,,,,,,,,
,199,24.54239273071289,0,,,,,,
6.296733992264718e-05,249,,,,,,,,
,249,20.57156753540039,0,,,,,,
7.360335195530726e-05,299,,,,,,,,
,299,18.300405502319336,0,,,,,,
8.423936398796733e-05,349,,,,,,,,
,349,18.48307228088379,0,,,,,,
9.487537602062742e-05,399,,,,,,,,
,399,17.208484649658203,0,,,,,,
0.00010551138805328749,449,,,,,,,,
,449,15.371238708496094,0,,,,,,
0.00011614740008594758,499,,,,,,,,
,499,15.362476348876953,0,,,,,,
0.00012678341211860765,549,,,,,,,,
,549,14.122435569763184,0,,,,,,
0.00013741942415126774,599,,,,,,,,
,599,15.446758270263672,0,,,,,,
0.00014805543618392778,649,,,,,,,,
,649,13.714587211608887,0,,,,,,
0.00015869144821658787,699,,,,,,,,
,699,13.653181076049805,0,,,,,,
0.00016932746024924796,749,,,,,,,,
,749,15.161913871765137,0,,,,,,
0.00017996347228190805,799,,,,,,,,
,799,14.26641845703125,0,,,,,,
0.00019059948431456811,849,,,,,,,,
,849,13.534213066101074,0,,,,,,
0.00020123549634722818,899,,,,,,,,
,899,14.745277404785156,0,,,,,,
,930,,0,34.036380767822266,98.38533782958984,4.390015125274658,,,
0.00021187150837988827,949,,,,,,,,
,949,12.736913681030273,1,,,,,,
0.00022250752041254833,999,,,,,,,,
,999,14.45666217803955,1,,,,,,
0.00023314353244520842,1049,,,,,,,,
,1049,13.560482025146484,1,,,,,,
0.0002437795444778685,1099,,,,,,,,
,1099,14.310694694519043,1,,,,,,
0.0002544155565105286,1149,,,,,,,,
,1149,12.727107048034668,1,,,,,,
0.0002650515685431887,1199,,,,,,,,
,1199,12.12899398803711,1,,,,,,
0.0002756875805758488,1249,,,,,,,,
,1249,11.19482421875,1,,,,,,
0.0002863235926085088,1299,,,,,,,,
,1299,12.401840209960938,1,,,,,,
0.0002969596046411689,1349,,,,,,,,
,1349,12.047752380371094,1,,,,,,
0.000307595616673829,1399,,,,,,,,
,1399,14.425779342651367,1,,,,,,
0.0003182316287064891,1449,,,,,,,,
,1449,12.061227798461914,1,,,,,,
0.0003288676407391491,1499,,,,,,,,
,1499,12.677921295166016,1,,,,,,
0.0003395036527718092,1549,,,,,,,,
,1549,11.377644538879395,1,,,,,,
0.0003501396648044693,1599,,,,,,,,
,1599,11.950766563415527,1,,,,,,
0.00036077567683712934,1649,,,,,,,,
,1649,11.66317367553711,1,,,,,,
0.0003714116888697895,1699,,,,,,,,
,1699,11.576204299926758,1,,,,,,
0.0003820477009024495,1749,,,,,,,,
,1749,13.278295516967773,1,,,,,,
0.00039268371293510956,1799,,,,,,,,
,1799,12.346551895141602,1,,,,,,
0.0004033197249677697,1849,,,,,,,,
,1849,12.154581069946289,1,,,,,,
,1861,,1,38.713069915771484,99.95481872558594,0.4359849691390991,,,
0.00041395573700042974,1899,,,,,,,,
,1899,13.030494689941406,2,,,,,,
0.0004245917490330899,1949,,,,,,,,
,1949,12.164275169372559,2,,,,,,
0.0004352277610657499,1999,,,,,,,,
,1999,11.657991409301758,2,,,,,,
0.00044586377309841,2049,,,,,,,,
,2049,11.404568672180176,2,,,,,,
0.0004564997851310701,2099,,,,,,,,
,2099,11.719694137573242,2,,,,,,
0.00046713579716373013,2149,,,,,,,,
,2149,11.226491928100586,2,,,,,,
0.0004777718091963902,2199,,,,,,,,
,2199,12.773077011108398,2,,,,,,
0.0004884078212290503,2249,,,,,,,,
,2249,11.774730682373047,2,,,,,,
0.0004990438332617104,2299,,,,,,,,
,2299,13.460297584533691,2,,,,,,
0.0005096798452943705,2349,,,,,,,,
,2349,10.133102416992188,2,,,,,,
0.0005203158573270305,2399,,,,,,,,
,2399,10.095541000366211,2,,,,,,
0.0005309518693596906,2449,,,,,,,,
,2449,10.813549041748047,2,,,,,,
0.0005415878813923508,2499,,,,,,,,
,2499,10.348770141601562,2,,,,,,
0.0005522238934250107,2549,,,,,,,,
,2549,13.083385467529297,2,,,,,,
0.0005628599054576708,2599,,,,,,,,
,2599,10.438724517822266,2,,,,,,
0.0005734959174903309,2649,,,,,,,,
,2649,10.299633026123047,2,,,,,,
0.0005841319295229909,2699,,,,,,,,
,2699,10.764060974121094,2,,,,,,
0.0005947679415556511,2749,,,,,,,,
,2749,11.235628128051758,2,,,,,,
,2792,,2,41.71976089477539,99.15007781982422,12.931382179260254,,,
0.0006054039535883112,2799,,,,,,,,
,2799,11.248025894165039,3,,,,,,
0.0006160399656209712,2849,,,,,,,,
,2849,11.774252891540527,3,,,,,,
0.0006266759776536313,2899,,,,,,,,
,2899,11.345783233642578,3,,,,,,
0.0006373119896862914,2949,,,,,,,,
,2949,11.447604179382324,3,,,,,,
0.0006479480017189516,2999,,,,,,,,
,2999,11.54949951171875,3,,,,,,
0.0006585840137516115,3049,,,,,,,,
,3049,11.654598236083984,3,,,,,,
0.0006692200257842716,3099,,,,,,,,
,3099,11.31016731262207,3,,,,,,
0.0006798560378169317,3149,,,,,,,,
,3149,10.654022216796875,3,,,,,,
0.0006904920498495917,3199,,,,,,,,
,3199,10.36788272857666,3,,,,,,
0.0007011280618822519,3249,,,,,,,,
,3249,9.717353820800781,3,,,,,,
0.000711764073914912,3299,,,,,,,,
,3299,11.267024993896484,3,,,,,,
0.000722400085947572,3349,,,,,,,,
,3349,10.511140823364258,3,,,,,,
0.0007330360979802321,3399,,,,,,,,
,3399,10.003693580627441,3,,,,,,
0.0007436721100128922,3449,,,,,,,,
,3449,10.25918197631836,3,,,,,,
0.0007543081220455522,3499,,,,,,,,
,3499,10.299049377441406,3,,,,,,
0.0007649441340782123,3549,,,,,,,,
,3549,10.34618091583252,3,,,,,,
0.0007755801461108724,3599,,,,,,,,
,3599,10.210347175598145,3,,,,,,
0.0007862161581435324,3649,,,,,,,,
,3649,10.960135459899902,3,,,,,,
0.0007968521701761925,3699,,,,,,,,
,3699,8.470357894897461,3,,,,,,
,3723,,3,47.00416946411133,97.92009735107422,27.578351974487305,,,
0.0008074881822088527,3749,,,,,,,,
,3749,9.922452926635742,4,,,,,,
0.0008181241942415127,3799,,,,,,,,
,3799,10.714583396911621,4,,,,,,
0.0008287602062741728,3849,,,,,,,,
,3849,10.740737915039062,4,,,,,,
0.0008393962183068329,3899,,,,,,,,
,3899,10.298208236694336,4,,,,,,
0.0008500322303394928,3949,,,,,,,,
,3949,11.108134269714355,4,,,,,,
0.000860668242372153,3999,,,,,,,,
,3999,11.98770523071289,4,,,,,,
0.0008713042544048131,4049,,,,,,,,
,4049,10.325138092041016,4,,,,,,
0.0008819402664374731,4099,,,,,,,,
,4099,9.377076148986816,4,,,,,,
0.0008925762784701332,4149,,,,,,,,
,4149,9.621129989624023,4,,,,,,
0.0009032122905027933,4199,,,,,,,,
,4199,9.753311157226562,4,,,,,,
0.0009138483025354535,4249,,,,,,,,
,4249,10.889524459838867,4,,,,,,
0.0009244843145681135,4299,,,,,,,,
,4299,10.563461303710938,4,,,,,,
0.0009351203266007736,4349,,,,,,,,
,4349,10.693709373474121,4,,,,,,
0.0009457563386334336,4399,,,,,,,,
,4399,10.011602401733398,4,,,,,,
0.0009563923506660936,4449,,,,,,,,
,4449,9.525297164916992,4,,,,,,
0.0009670283626987538,4499,,,,,,,,
,4499,11.192440032958984,4,,,,,,
0.000977664374731414,4549,,,,,,,,
,4549,9.000885009765625,4,,,,,,
0.000988300386764074,4599,,,,,,,,
,4599,11.26694393157959,4,,,,,,
0.000998936398796734,4649,,,,,,,,
,4649,10.709949493408203,4,,,,,,
,4654,,4,49.312374114990234,98.93885040283203,22.053403854370117,,,
0.0009986191345711217,4699,,,,,,,,
,4699,9.642878532409668,5,,,,,,
0.0009970848396501457,4749,,,,,,,,
,4749,9.391376495361328,5,,,,,,
0.00099555054472917,4799,,,,,,,,
,4799,10.2986421585083,5,,,,,,
0.000994016249808194,4849,,,,,,,,
,4849,10.884024620056152,5,,,,,,
0.000992481954887218,4899,,,,,,,,
,4899,9.819062232971191,5,,,,,,
0.000990947659966242,4949,,,,,,,,
,4949,8.74731731414795,5,,,,,,
0.0009894133650452663,4999,,,,,,,,
,4999,9.320060729980469,5,,,,,,
0.0009878790701242904,5049,,,,,,,,
,5049,8.67153263092041,5,,,,,,
0.0009863447752033144,5099,,,,,,,,
,5099,9.527701377868652,5,,,,,,
0.0009848104802823384,5149,,,,,,,,
,5149,9.71085262298584,5,,,,,,
0.0009832761853613627,5199,,,,,,,,
,5199,9.276769638061523,5,,,,,,
0.0009817418904403867,5249,,,,,,,,
,5249,11.514148712158203,5,,,,,,
0.0009802075955194108,5299,,,,,,,,
,5299,8.510364532470703,5,,,,,,
0.0009786733005984348,5349,,,,,,,,
,5349,10.103277206420898,5,,,,,,
0.000977139005677459,5399,,,,,,,,
,5399,10.205718994140625,5,,,,,,
0.0009756047107564831,5449,,,,,,,,
,5449,8.763035774230957,5,,,,,,
0.0009740704158355071,5499,,,,,,,,
,5499,8.431753158569336,5,,,,,,
0.0009725361209145313,5549,,,,,,,,
,5549,10.012922286987305,5,,,,,,
,5585,,5,52.44327163696289,98.4035873413086,29.96799087524414,,,
0.0009710018259935553,5599,,,,,,,,
,5599,9.03849983215332,6,,,,,,
0.0009694675310725795,5649,,,,,,,,
,5649,9.3062744140625,6,,,,,,
0.0009679332361516035,5699,,,,,,,,
,5699,8.714445114135742,6,,,,,,
0.0009663989412306277,5749,,,,,,,,
,5749,8.722567558288574,6,,,,,,
0.0009648646463096517,5799,,,,,,,,
,5799,8.636210441589355,6,,,,,,
0.0009633303513886758,5849,,,,,,,,
,5849,10.439846992492676,6,,,,,,
0.0009617960564676999,5899,,,,,,,,
,5899,9.100038528442383,6,,,,,,
0.0009602617615467239,5949,,,,,,,,
,5949,8.732240676879883,6,,,,,,
0.0009587274666257481,5999,,,,,,,,
,5999,9.725534439086914,6,,,,,,
0.0009571931717047722,6049,,,,,,,,
,6049,11.983292579650879,6,,,,,,
0.0009556588767837962,6099,,,,,,,,
,6099,13.376033782958984,6,,,,,,
0.0009541245818628203,6149,,,,,,,,
,6149,13.431224822998047,6,,,,,,
0.0009525902869418444,6199,,,,,,,,
,6199,13.283164978027344,6,,,,,,
0.0009510559920208686,6249,,,,,,,,
,6249,14.260026931762695,6,,,,,,
0.0009495216970998926,6299,,,,,,,,
,6299,17.062509536743164,6,,,,,,
0.0009479874021789167,6349,,,,,,,,
,6349,12.883295059204102,6,,,,,,
0.0009464531072579408,6399,,,,,,,,
,6399,13.269647598266602,6,,,,,,
0.0009449188123369649,6449,,,,,,,,
,6449,11.722539901733398,6,,,,,,
0.000943384517415989,6499,,,,,,,,
,6499,14.239466667175293,6,,,,,,
,6516,,6,37.895084381103516,98.40135192871094,14.969505310058594,,,
0.000941850222495013,6549,,,,,,,,
,6549,13.019463539123535,7,,,,,,
0.0009403159275740372,6599,,,,,,,,
,6599,10.982376098632812,7,,,,,,
0.0009387816326530613,6649,,,,,,,,
,6649,12.754545211791992,7,,,,,,
0.0009372473377320853,6699,,,,,,,,
,6699,10.932631492614746,7,,,,,,
0.0009357130428111094,6749,,,,,,,,
,6749,11.22601318359375,7,,,,,,
0.0009341787478901335,6799,,,,,,,,
,6799,10.8142671585083,7,,,,,,
0.0009326444529691576,6849,,,,,,,,
,6849,10.102248191833496,7,,,,,,
0.0009311101580481817,6899,,,,,,,,
,6899,9.68876838684082,7,,,,,,
0.0009295758631272058,6949,,,,,,,,
,6949,10.71281909942627,7,,,,,,
0.0009280415682062299,6999,,,,,,,,
,6999,10.797977447509766,7,,,,,,
0.0009265072732852539,7049,,,,,,,,
,7049,10.232128143310547,7,,,,,,
0.0009249729783642781,7099,,,,,,,,
,7099,10.111966133117676,7,,,,,,
0.0009234386834433021,7149,,,,,,,,
,7149,11.116811752319336,7,,,,,,
0.0009219043885223263,7199,,,,,,,,
,7199,9.786109924316406,7,,,,,,
0.0009203700936013503,7249,,,,,,,,
,7249,11.508852005004883,7,,,,,,
0.0009188357986803744,7299,,,,,,,,
,7299,9.249984741210938,7,,,,,,
0.0009173015037593985,7349,,,,,,,,
,7349,9.182065963745117,7,,,,,,
0.0009157672088384226,7399,,,,,,,,
,7399,9.869787216186523,7,,,,,,
,7447,,7,52.337867736816406,97.58479309082031,38.27125930786133,,,
0.0009142329139174467,7449,,,,,,,,
,7449,9.380891799926758,8,,,,,,
0.0009126986189964708,7499,,,,,,,,
,7499,10.149229049682617,8,,,,,,
0.0009111643240754949,7549,,,,,,,,
,7549,8.738560676574707,8,,,,,,
0.000909630029154519,7599,,,,,,,,
,7599,9.640800476074219,8,,,,,,
0.000908095734233543,7649,,,,,,,,
,7649,11.031254768371582,8,,,,,,
0.0009065614393125672,7699,,,,,,,,
,7699,9.091301918029785,8,,,,,,
0.0009050271443915912,7749,,,,,,,,
,7749,8.08491325378418,8,,,,,,
0.0009034928494706154,7799,,,,,,,,
,7799,9.202735900878906,8,,,,,,
0.0009019585545496394,7849,,,,,,,,
,7849,8.949419021606445,8,,,,,,
0.0009004242596286635,7899,,,,,,,,
,7899,10.172945022583008,8,,,,,,
0.0008988899647076876,7949,,,,,,,,
,7949,9.297365188598633,8,,,,,,
0.0008973556697867117,7999,,,,,,,,
,7999,11.70292854309082,8,,,,,,
0.0008958213748657358,8049,,,,,,,,
,8049,9.144013404846191,8,,,,,,
0.0008942870799447599,8099,,,,,,,,
,8099,9.014244079589844,8,,,,,,
0.000892752785023784,8149,,,,,,,,
,8149,9.292816162109375,8,,,,,,
0.0008912184901028081,8199,,,,,,,,
,8199,8.663104057312012,8,,,,,,
0.0008896841951818321,8249,,,,,,,,
,8249,9.065000534057617,8,,,,,,
0.0008881499002608563,8299,,,,,,,,
,8299,8.19888687133789,8,,,,,,
0.0008866156053398803,8349,,,,,,,,
,8349,9.0007963180542,8,,,,,,
,8378,,8,48.824981689453125,98.78845977783203,32.28089141845703,,,
0.0008850813104189045,8399,,,,,,,,
,8399,7.954417705535889,9,,,,,,
0.0008835470154979285,8449,,,,,,,,
,8449,7.988308906555176,9,,,,,,
0.0008820127205769527,8499,,,,,,,,
,8499,8.323875427246094,9,,,,,,
0.0008804784256559767,8549,,,,,,,,
,8549,8.595306396484375,9,,,,,,
0.0008789441307350008,8599,,,,,,,,
,8599,8.776150703430176,9,,,,,,
0.0008774098358140249,8649,,,,,,,,
,8649,8.804454803466797,9,,,,,,
0.000875875540893049,8699,,,,,,,,
,8699,9.208257675170898,9,,,,,,
0.0008743412459720731,8749,,,,,,,,
,8749,7.741140365600586,9,,,,,,
0.0008728069510510971,8799,,,,,,,,
,8799,8.77823543548584,9,,,,,,
0.0008712726561301212,8849,,,,,,,,
,8849,8.699748992919922,9,,,,,,
0.0008697383612091454,8899,,,,,,,,
,8899,8.007742881774902,9,,,,,,
0.0008682040662881694,8949,,,,,,,,
,8949,8.225622177124023,9,,,,,,
0.0008666697713671936,8999,,,,,,,,
,8999,9.625051498413086,9,,,,,,
0.0008651354764462176,9049,,,,,,,,
,9049,10.042776107788086,9,,,,,,
0.0008636011815252418,9099,,,,,,,,
,9099,8.189826965332031,9,,,,,,
0.0008620668866042658,9149,,,,,,,,
,9149,8.813005447387695,9,,,,,,
0.0008605325916832898,9199,,,,,,,,
,9199,7.718301773071289,9,,,,,,
0.000858998296762314,9249,,,,,,,,
,9249,7.777083396911621,9,,,,,,
0.0008574640018413381,9299,,,,,,,,
,9299,8.264970779418945,9,,,,,,
,9309,,9,49.31266403198242,97.51016998291016,39.7314338684082,,,
0.0008559297069203622,9349,,,,,,,,
,9349,8.530170440673828,10,,,,,,
0.0008543954119993862,9399,,,,,,,,
,9399,8.193733215332031,10,,,,,,
0.0008528611170784103,9449,,,,,,,,
,9449,7.91511344909668,10,,,,,,
0.0008513268221574345,9499,,,,,,,,
,9499,8.828020095825195,10,,,,,,
0.0008497925272364585,9549,,,,,,,,
,9549,8.68632698059082,10,,,,,,
0.0008482582323154826,9599,,,,,,,,
,9599,8.129377365112305,10,,,,,,
0.0008467239373945067,9649,,,,,,,,
,9649,9.286151885986328,10,,,,,,
0.0008451896424735309,9699,,,,,,,,
,9699,7.597414016723633,10,,,,,,
0.0008436553475525549,9749,,,,,,,,
,9749,8.479394912719727,10,,,,,,
0.0008421210526315789,9799,,,,,,,,
,9799,7.812786102294922,10,,,,,,
0.0008405867577106031,9849,,,,,,,,
,9849,7.581808567047119,10,,,,,,
0.0008390524627896271,9899,,,,,,,,
,9899,7.624773979187012,10,,,,,,
0.0008375181678686513,9949,,,,,,,,
,9949,8.681767463684082,10,,,,,,
0.0008359838729476753,9999,,,,,,,,
,9999,9.01921558380127,10,,,,,,
0.0008344495780266994,10049,,,,,,,,
,10049,7.623743534088135,10,,,,,,
0.0008329152831057236,10099,,,,,,,,
,10099,8.370643615722656,10,,,,,,
0.0008313809881847476,10149,,,,,,,,
,10149,8.810567855834961,10,,,,,,
0.0008298466932637717,10199,,,,,,,,
,10199,7.906811237335205,10,,,,,,
,10240,,10,58.73320007324219,98.36672973632812,43.86317825317383,,,
0.0008283123983427958,10249,,,,,,,,
,10249,7.711526870727539,11,,,,,,
0.00082677810342182,10299,,,,,,,,
,10299,7.629940509796143,11,,,,,,
0.000825243808500844,10349,,,,,,,,
,10349,7.93765926361084,11,,,,,,
0.000823709513579868,10399,,,,,,,,
,10399,7.358082294464111,11,,,,,,
0.0008221752186588922,10449,,,,,,,,
,10449,8.357658386230469,11,,,,,,
0.0008206409237379162,10499,,,,,,,,
,10499,7.992335796356201,11,,,,,,
0.0008191066288169404,10549,,,,,,,,
,10549,7.913508415222168,11,,,,,,
0.0008175723338959644,10599,,,,,,,,
,10599,8.826325416564941,11,,,,,,
0.0008160380389749885,10649,,,,,,,,
,10649,8.220987319946289,11,,,,,,
0.0008145037440540126,10699,,,,,,,,
,10699,7.583888530731201,11,,,,,,
0.0008129694491330367,10749,,,,,,,,
,10749,8.710428237915039,11,,,,,,
0.0008114351542120608,10799,,,,,,,,
,10799,7.558890342712402,11,,,,,,
0.0008099008592910849,10849,,,,,,,,
,10849,8.5241117477417,11,,,,,,
0.000808366564370109,10899,,,,,,,,
,10899,7.419134616851807,11,,,,,,
0.0008068322694491331,10949,,,,,,,,
,10949,8.119670867919922,11,,,,,,
0.0008052979745281571,10999,,,,,,,,
,10999,8.750336647033691,11,,,,,,
0.0008037636796071813,11049,,,,,,,,
,11049,8.493049621582031,11,,,,,,
0.0008022293846862053,11099,,,,,,,,
,11099,7.806115627288818,11,,,,,,
0.0008006950897652295,11149,,,,,,,,
,11149,8.696571350097656,11,,,,,,
,11171,,11,59.68318557739258,98.78831481933594,40.62678527832031,,,
0.0007991607948442535,11199,,,,,,,,
,11199,9.026654243469238,12,,,,,,
0.0007976264999232775,11249,,,,,,,,
,11249,7.336430549621582,12,,,,,,
0.0007960922050023017,11299,,,,,,,,
,11299,7.934709072113037,12,,,,,,
0.0007945579100813258,11349,,,,,,,,
,11349,8.231668472290039,12,,,,,,
0.0007930236151603499,11399,,,,,,,,
,11399,8.693264961242676,12,,,,,,
0.000791489320239374,11449,,,,,,,,
,11449,8.31839370727539,12,,,,,,
0.000789955025318398,11499,,,,,,,,
,11499,8.396495819091797,12,,,,,,
0.0007884207303974222,11549,,,,,,,,
,11549,7.86476993560791,12,,,,,,
0.0007868864354764462,11599,,,,,,,,
,11599,8.127847671508789,12,,,,,,
0.0007853521405554704,11649,,,,,,,,
,11649,8.10583782196045,12,,,,,,
0.0007838178456344944,11699,,,,,,,,
,11699,7.455286979675293,12,,,,,,
0.0007822835507135186,11749,,,,,,,,
,11749,6.625180721282959,12,,,,,,
0.0007807492557925426,11799,,,,,,,,
,11799,7.880921363830566,12,,,,,,
0.0007792149608715666,11849,,,,,,,,
,11849,6.8149094581604,12,,,,,,
0.0007776806659505908,11899,,,,,,,,
,11899,7.55910587310791,12,,,,,,
0.0007761463710296149,11949,,,,,,,,
,11949,8.086930274963379,12,,,,,,
0.000774612076108639,11999,,,,,,,,
,11999,8.00927448272705,12,,,,,,
0.000773077781187663,12049,,,,,,,,
,12049,8.431760787963867,12,,,,,,
0.0007715434862666871,12099,,,,,,,,
,12099,8.504180908203125,12,,,,,,
,12102,,12,63.36716842651367,98.4872055053711,44.55659103393555,,,
0.0007700091913457113,12149,,,,,,,,
,12149,6.77031135559082,13,,,,,,
0.0007684748964247353,12199,,,,,,,,
,12199,7.869239807128906,13,,,,,,
0.0007669406015037595,12249,,,,,,,,
,12249,7.782832145690918,13,,,,,,
0.0007654063065827835,12299,,,,,,,,
,12299,6.790237903594971,13,,,,,,
0.0007638720116618077,12349,,,,,,,,
,12349,7.5805344581604,13,,,,,,
0.0007623377167408317,12399,,,,,,,,
,12399,6.977087497711182,13,,,,,,
0.0007608034218198557,12449,,,,,,,,
,12449,7.587784767150879,13,,,,,,
0.0007592691268988799,12499,,,,,,,,
,12499,7.530162334442139,13,,,,,,
0.0007577348319779039,12549,,,,,,,,
,12549,7.214160442352295,13,,,,,,
0.0007562005370569281,12599,,,,,,,,
,12599,7.905722141265869,13,,,,,,
0.0007546662421359521,12649,,,,,,,,
,12649,7.592216491699219,13,,,,,,
0.0007531319472149763,12699,,,,,,,,
,12699,7.8076066970825195,13,,,,,,
0.0007515976522940004,12749,,,,,,,,
,12749,6.694888114929199,13,,,,,,
0.0007500633573730244,12799,,,,,,,,
,12799,8.313419342041016,13,,,,,,
0.0007485290624520485,12849,,,,,,,,
,12849,7.2056965827941895,13,,,,,,
0.0007469947675310726,12899,,,,,,,,
,12899,8.00360107421875,13,,,,,,
0.0007454604726100967,12949,,,,,,,,
,12949,8.347256660461426,13,,,,,,
0.0007439261776891208,12999,,,,,,,,
,12999,9.070515632629395,13,,,,,,
,13033,,13,64.38578796386719,98.9538803100586,42.23269271850586,,,
0.0007423918827681448,13049,,,,,,,,
,13049,7.720636367797852,14,,,,,,
0.000740857587847169,13099,,,,,,,,
,13099,8.128463745117188,14,,,,,,
0.0007393232929261931,13149,,,,,,,,
,13149,7.727984428405762,14,,,,,,
0.0007377889980052172,13199,,,,,,,,
,13199,8.635037422180176,14,,,,,,
0.0007362547030842412,13249,,,,,,,,
,13249,7.635932922363281,14,,,,,,
0.0007347204081632652,13299,,,,,,,,
,13299,8.6136474609375,14,,,,,,
0.0007331861132422895,13349,,,,,,,,
,13349,7.912024021148682,14,,,,,,
0.0007316518183213135,13399,,,,,,,,
,13399,8.434341430664062,14,,,,,,
0.0007301175234003376,13449,,,,,,,,
,13449,7.423308849334717,14,,,,,,
0.0007285832284793617,13499,,,,,,,,
,13499,6.04763126373291,14,,,,,,
0.0007270489335583858,13549,,,,,,,,
,13549,7.641357898712158,14,,,,,,
0.0007255146386374099,13599,,,,,,,,
,13599,6.956589221954346,14,,,,,,
0.0007239803437164339,13649,,,,,,,,
,13649,7.899381160736084,14,,,,,,
0.0007224460487954581,13699,,,,,,,,
,13699,6.706881999969482,14,,,,,,
0.0007209117538744822,13749,,,,,,,,
,13749,7.386038780212402,14,,,,,,
0.0007193774589535063,13799,,,,,,,,
,13799,8.063701629638672,14,,,,,,
0.0007178431640325303,13849,,,,,,,,
,13849,8.55838680267334,14,,,,,,
0.0007163088691115543,13899,,,,,,,,
,13899,7.0770463943481445,14,,,,,,
0.0007147745741905786,13949,,,,,,,,
,13949,7.759353160858154,14,,,,,,
,13964,,14,66.2173843383789,98.65455627441406,47.71785354614258,,,
0.0007132402792696026,13999,,,,,,,,
,13999,6.545680046081543,15,,,,,,
0.0007117059843486267,14049,,,,,,,,
,14049,7.28476619720459,15,,,,,,
0.0007101716894276508,14099,,,,,,,,
,14099,6.368988990783691,15,,,,,,
0.0007086373945066749,14149,,,,,,,,
,14149,8.82406997680664,15,,,,,,
0.000707103099585699,14199,,,,,,,,
,14199,7.601078033447266,15,,,,,,
0.000705568804664723,14249,,,,,,,,
,14249,7.226977825164795,15,,,,,,
0.0007040345097437471,14299,,,,,,,,
,14299,7.407113075256348,15,,,,,,
0.0007025002148227713,14349,,,,,,,,
,14349,6.750978469848633,15,,,,,,
0.0007009659199017954,14399,,,,,,,,
,14399,8.389001846313477,15,,,,,,
0.0006994316249808194,14449,,,,,,,,
,14449,6.4984636306762695,15,,,,,,
0.0006978973300598434,14499,,,,,,,,
,14499,7.150293350219727,15,,,,,,
0.0006963630351388676,14549,,,,,,,,
,14549,8.81628131866455,15,,,,,,
0.0006948287402178917,14599,,,,,,,,
,14599,7.753834247589111,15,,,,,,
0.0006932944452969158,14649,,,,,,,,
,14649,7.955110549926758,15,,,,,,
0.0006917601503759399,14699,,,,,,,,
,14699,7.870677471160889,15,,,,,,
0.000690225855454964,14749,,,,,,,,
,14749,5.732473850250244,15,,,,,,
0.0006886915605339881,14799,,,,,,,,
,14799,6.820744514465332,15,,,,,,
0.0006871572656130121,14849,,,,,,,,
,14849,6.736286640167236,15,,,,,,
,14895,,15,68.00605010986328,98.45553588867188,51.776336669921875,,,
0.0006856229706920362,14899,,,,,,,,
,14899,6.806684970855713,16,,,,,,
0.0006840886757710603,14949,,,,,,,,
,14949,8.840560913085938,16,,,,,,
0.0006825543808500845,14999,,,,,,,,
,14999,6.867682456970215,16,,,,,,
0.0006810200859291085,15049,,,,,,,,
,15049,7.0150322914123535,16,,,,,,
0.0006794857910081325,15099,,,,,,,,
,15099,6.4713287353515625,16,,,,,,
0.0006779514960871567,15149,,,,,,,,
,15149,6.319026470184326,16,,,,,,
0.0006764172011661808,15199,,,,,,,,
,15199,6.827801704406738,16,,,,,,
0.0006748829062452049,15249,,,,,,,,
,15249,6.535336494445801,16,,,,,,
0.000673348611324229,15299,,,,,,,,
,15299,6.878491401672363,16,,,,,,
0.0006718143164032531,15349,,,,,,,,
,15349,6.371367454528809,16,,,,,,
0.0006702800214822772,15399,,,,,,,,
,15399,7.293240547180176,16,,,,,,
0.0006687457265613012,15449,,,,,,,,
,15449,7.082271575927734,16,,,,,,
0.0006672114316403253,15499,,,,,,,,
,15499,6.31328010559082,16,,,,,,
0.0006656771367193494,15549,,,,,,,,
,15549,6.45222806930542,16,,,,,,
0.0006641428417983736,15599,,,,,,,,
,15599,6.800380706787109,16,,,,,,
0.0006626085468773976,15649,,,,,,,,
,15649,6.3289384841918945,16,,,,,,
0.0006610742519564216,15699,,,,,,,,
,15699,7.407489776611328,16,,,,,,
0.0006595399570354458,15749,,,,,,,,
,15749,6.899491786956787,16,,,,,,
0.0006580056621144699,15799,,,,,,,,
,15799,6.100522041320801,16,,,,,,
,15826,,16,66.10404968261719,98.68683624267578,48.80766677856445,,,
0.000656471367193494,15849,,,,,,,,
,15849,8.409124374389648,17,,,,,,
0.000654937072272518,15899,,,,,,,,
,15899,6.538196563720703,17,,,,,,
0.0006534027773515422,15949,,,,,,,,
,15949,7.137044429779053,17,,,,,,
0.0006518684824305663,15999,,,,,,,,
,15999,8.076820373535156,17,,,,,,
0.0006503341875095903,16049,,,,,,,,
,16049,6.533300399780273,17,,,,,,
0.0006487998925886144,16099,,,,,,,,
,16099,5.140768527984619,17,,,,,,
0.0006472655976676384,16149,,,,,,,,
,16149,7.712574481964111,17,,,,,,
0.0006457313027466627,16199,,,,,,,,
,16199,6.523138046264648,17,,,,,,
0.0006441970078256867,16249,,,,,,,,
,16249,5.870343208312988,17,,,,,,
0.0006426627129047107,16299,,,,,,,,
,16299,6.1328582763671875,17,,,,,,
0.0006411284179837349,16349,,,,,,,,
,16349,6.6288533210754395,17,,,,,,
0.000639594123062759,16399,,,,,,,,
,16399,6.5197882652282715,17,,,,,,
0.0006380598281417831,16449,,,,,,,,
,16449,7.284139156341553,17,,,,,,
0.0006365255332208071,16499,,,,,,,,
,16499,7.595067977905273,17,,,,,,
0.0006349912382998313,16549,,,,,,,,
,16549,6.947707176208496,17,,,,,,
0.0006334569433788554,16599,,,,,,,,
,16599,6.531085014343262,17,,,,,,
0.0006319226484578794,16649,,,,,,,,
,16649,6.162677764892578,17,,,,,,
0.0006303883535369035,16699,,,,,,,,
,16699,6.741662979125977,17,,,,,,
0.0006288540586159275,16749,,,,,,,,
,16749,6.565680027008057,17,,,,,,
,16757,,17,67.7538070678711,98.74699401855469,50.49470520019531,,,
0.0006273197636949518,16799,,,,,,,,
,16799,6.685018062591553,18,,,,,,
0.0006257854687739758,16849,,,,,,,,
,16849,7.470670223236084,18,,,,,,
0.0006242511738529999,16899,,,,,,,,
,16899,6.334023475646973,18,,,,,,
0.000622716878932024,16949,,,,,,,,
,16949,6.693593978881836,18,,,,,,
0.000621182584011048,16999,,,,,,,,
,16999,7.3804755210876465,18,,,,,,
0.0006196482890900722,17049,,,,,,,,
,17049,7.07437801361084,18,,,,,,
0.0006181139941690962,17099,,,,,,,,
,17099,7.742889881134033,18,,,,,,
0.0006165796992481204,17149,,,,,,,,
,17149,6.908715724945068,18,,,,,,
0.0006150454043271444,17199,,,,,,,,
,17199,9.207393646240234,18,,,,,,
0.0006135111094061685,17249,,,,,,,,
,17249,6.301023006439209,18,,,,,,
0.0006119768144851926,17299,,,,,,,,
,17299,6.3938727378845215,18,,,,,,
0.0006104425195642166,17349,,,,,,,,
,17349,6.697397708892822,18,,,,,,
0.0006089082246432409,17399,,,,,,,,
,17399,6.240741729736328,18,,,,,,
0.0006073739297222649,17449,,,,,,,,
,17449,6.357970237731934,18,,,,,,
0.000605839634801289,17499,,,,,,,,
,17499,6.49981689453125,18,,,,,,
0.000604305339880313,17549,,,,,,,,
,17549,6.908029556274414,18,,,,,,
0.0006027710449593371,17599,,,,,,,,
,17599,5.992810249328613,18,,,,,,
0.0006012367500383613,17649,,,,,,,,
,17649,6.047292709350586,18,,,,,,
,17688,,18,68.7765121459961,97.98249816894531,59.039459228515625,,,
0.0005997024551173853,17699,,,,,,,,
,17699,5.66782283782959,19,,,,,,
0.0005981681601964094,17749,,,,,,,,
,17749,6.308536529541016,19,,,,,,
0.0005966338652754335,17799,,,,,,,,
,17799,7.641599655151367,19,,,,,,
0.0005950995703544576,17849,,,,,,,,
,17849,6.997015953063965,19,,,,,,
0.0005935652754334817,17899,,,,,,,,
,17899,6.359898567199707,19,,,,,,
0.0005920309805125057,17949,,,,,,,,
,17949,6.423312187194824,19,,,,,,
0.00059049668559153,17999,,,,,,,,
,17999,8.422148704528809,19,,,,,,
0.000588962390670554,18049,,,,,,,,
,18049,6.750553131103516,19,,,,,,
0.000587428095749578,18099,,,,,,,,
,18099,6.478321552276611,19,,,,,,
0.0005858938008286021,18149,,,,,,,,
,18149,6.940206527709961,19,,,,,,
0.0005843595059076262,18199,,,,,,,,
,18199,6.885580539703369,19,,,,,,
0.0005828252109866504,18249,,,,,,,,
,18249,5.564277648925781,19,,,,,,
0.0005812909160656744,18299,,,,,,,,
,18299,7.468660354614258,19,,,,,,
0.0005797566211446985,18349,,,,,,,,
,18349,6.177978515625,19,,,,,,
0.0005782223262237226,18399,,,,,,,,
,18399,6.74342155456543,19,,,,,,
0.0005766880313027467,18449,,,,,,,,
,18449,6.001605987548828,19,,,,,,
0.0005751537363817708,18499,,,,,,,,
,18499,5.879978656768799,19,,,,,,
0.0005736194414607948,18549,,,,,,,,
,18549,7.211385726928711,19,,,,,,
0.000572085146539819,18599,,,,,,,,
,18599,7.196465015411377,19,,,,,,
,18619,,19,73.73262786865234,98.399658203125,57.77757263183594,,,
0.0005705508516188431,18649,,,,,,,,
,18649,6.05900764465332,20,,,,,,
0.0005690165566978672,18699,,,,,,,,
,18699,6.4004597663879395,20,,,,,,
0.0005674822617768912,18749,,,,,,,,
,18749,6.973827362060547,20,,,,,,
0.0005659479668559153,18799,,,,,,,,
,18799,7.105468273162842,20,,,,,,
0.0005644136719349394,18849,,,,,,,,
,18849,6.801479339599609,20,,,,,,
0.0005628793770139635,18899,,,,,,,,
,18899,6.491518974304199,20,,,,,,
0.0005613450820929876,18949,,,,,,,,
,18949,6.156366348266602,20,,,,,,
0.0005598107871720117,18999,,,,,,,,
,18999,6.315528869628906,20,,,,,,
0.0005582764922510359,19049,,,,,,,,
,19049,6.857229709625244,20,,,,,,
0.0005567421973300599,19099,,,,,,,,
,19099,6.202759742736816,20,,,,,,
0.0005552079024090839,19149,,,,,,,,
,19149,6.029520034790039,20,,,,,,
0.0005536736074881081,19199,,,,,,,,
,19199,5.024528503417969,20,,,,,,
0.0005521393125671322,19249,,,,,,,,
,19249,5.127481460571289,20,,,,,,
0.0005506050176461563,19299,,,,,,,,
,19299,6.350937366485596,20,,,,,,
0.0005490707227251803,19349,,,,,,,,
,19349,6.634987831115723,20,,,,,,
0.0005475364278042044,19399,,,,,,,,
,19399,6.141833305358887,20,,,,,,
0.0005460021328832285,19449,,,,,,,,
,19449,7.660154819488525,20,,,,,,
0.0005444678379622526,19499,,,,,,,,
,19499,7.193750381469727,20,,,,,,
0.0005429335430412767,19549,,,,,,,,
,19549,6.3885178565979,20,,,,,,
,19550,,20,71.46167755126953,98.39788818359375,58.8213996887207,,,
0.0005413992481203008,19599,,,,,,,,
,19599,6.85312557220459,21,,,,,,
0.000539864953199325,19649,,,,,,,,
,19649,5.014552593231201,21,,,,,,
0.000538330658278349,19699,,,,,,,,
,19699,8.323172569274902,21,,,,,,
0.000536796363357373,19749,,,,,,,,
,19749,6.250492095947266,21,,,,,,
0.0005352620684363971,19799,,,,,,,,
,19799,6.434357643127441,21,,,,,,
0.0005337277735154213,19849,,,,,,,,
,19849,6.870386123657227,21,,,,,,
0.0005321934785944454,19899,,,,,,,,
,19899,5.656429290771484,21,,,,,,
0.0005306591836734694,19949,,,,,,,,
,19949,6.407350540161133,21,,,,,,
0.0005291248887524935,19999,,,,,,,,
,19999,7.227101802825928,21,,,,,,
0.0005275905938315176,20049,,,,,,,,
,20049,6.532176971435547,21,,,,,,
0.0005260562989105417,20099,,,,,,,,
,20099,7.329042434692383,21,,,,,,
0.0005245220039895658,20149,,,,,,,,
,20149,6.5077223777771,21,,,,,,
0.0005229877090685898,20199,,,,,,,,
,20199,4.988448143005371,21,,,,,,
0.000521453414147614,20249,,,,,,,,
,20249,5.537508964538574,21,,,,,,
0.0005199191192266381,20299,,,,,,,,
,20299,6.297202110290527,21,,,,,,
0.0005183848243056621,20349,,,,,,,,
,20349,6.897900104522705,21,,,,,,
0.0005168505293846862,20399,,,,,,,,
,20399,6.240636348724365,21,,,,,,
0.0005153162344637103,20449,,,,,,,,
,20449,5.983553886413574,21,,,,,,
,20481,,21,73.45352935791016,98.42546844482422,61.81220245361328,,,
0.0005137819395427345,20499,,,,,,,,
,20499,6.291321277618408,22,,,,,,
0.0005122476446217585,20549,,,,,,,,
,20549,6.011835098266602,22,,,,,,
0.0005107133497007826,20599,,,,,,,,
,20599,5.483154296875,22,,,,,,
0.0005091790547798067,20649,,,,,,,,
,20649,6.12254524230957,22,,,,,,
0.0005076447598588307,20699,,,,,,,,
,20699,6.03654670715332,22,,,,,,
0.0005061104649378549,20749,,,,,,,,
,20749,5.404524803161621,22,,,,,,
0.0005045761700168789,20799,,,,,,,,
,20799,5.808481216430664,22,,,,,,
0.000503041875095903,20849,,,,,,,,
,20849,5.412310600280762,22,,,,,,
0.0005015075801749272,20899,,,,,,,,
,20899,5.787424564361572,22,,,,,,
0.0004999732852539512,20949,,,,,,,,
,20949,6.086014270782471,22,,,,,,
0.0004984389903329754,20999,,,,,,,,
,20999,6.134693145751953,22,,,,,,
0.0004969046954119994,21049,,,,,,,,
,21049,8.474275588989258,22,,,,,,
0.0004953704004910235,21099,,,,,,,,
,21099,5.629232406616211,22,,,,,,
0.0004938361055700477,21149,,,,,,,,
,21149,6.345312595367432,22,,,,,,
0.0004923018106490717,21199,,,,,,,,
,21199,5.961050987243652,22,,,,,,
0.0004907675157280958,21249,,,,,,,,
,21249,6.672396659851074,22,,,,,,
0.0004892332208071198,21299,,,,,,,,
,21299,4.554864406585693,22,,,,,,
0.00048769892588614396,21349,,,,,,,,
,21349,4.984137535095215,22,,,,,,
0.0004861646309651681,21399,,,,,,,,
,21399,6.966653347015381,22,,,,,,
,21412,,22,76.92208862304688,98.40406036376953,62.60851287841797,,,
0.00048463033604419215,21449,,,,,,,,
,21449,7.662686824798584,23,,,,,,
0.0004830960411232163,21499,,,,,,,,
,21499,7.27681827545166,23,,,,,,
0.00048156174620224033,21549,,,,,,,,
,21549,5.56392765045166,23,,,,,,
0.00048002745128126437,21599,,,,,,,,
,21599,4.892062664031982,23,,,,,,
0.0004784931563602885,21649,,,,,,,,
,21649,5.632378578186035,23,,,,,,
0.00047695886143931266,21699,,,,,,,,
,21699,6.389519691467285,23,,,,,,
0.0004754245665183367,21749,,,,,,,,
,21749,5.796980857849121,23,,,,,,
0.00047389027159736074,21799,,,,,,,,
,21799,5.724090099334717,23,,,,,,
0.0004723559766763849,21849,,,,,,,,
,21849,5.739457130432129,23,,,,,,
0.00047082168175540903,21899,,,,,,,,
,21899,5.594386100769043,23,,,,,,
0.00046928738683443307,21949,,,,,,,,
,21949,5.657190322875977,23,,,,,,
0.0004677530919134571,21999,,,,,,,,
,21999,6.571828365325928,23,,,,,,
0.00046621879699248125,22049,,,,,,,,
,22049,6.1005048751831055,23,,,,,,
0.0004646845020715053,22099,,,,,,,,
,22099,6.00364875793457,23,,,,,,
0.00046315020715052943,22149,,,,,,,,
,22149,5.803853988647461,23,,,,,,
0.0004616159122295536,22199,,,,,,,,
,22199,5.780821323394775,23,,,,,,
0.0004600816173085776,22249,,,,,,,,
,22249,5.386601448059082,23,,,,,,
0.00045854732238760165,22299,,,,,,,,
,22299,6.15186071395874,23,,,,,,
,22343,,23,76.14710998535156,98.84149932861328,58.39095687866211,,,
0.0004570130274666257,22349,,,,,,,,
,22349,5.452937126159668,24,,,,,,
0.00045547873254564995,22399,,,,,,,,
,22399,5.054548740386963,24,,,,,,
0.000453944437624674,22449,,,,,,,,
,22449,5.417224884033203,24,,,,,,
0.000452410142703698,22499,,,,,,,,
,22499,5.788516044616699,24,,,,,,
0.00045087584778272217,22549,,,,,,,,
,22549,5.218867301940918,24,,,,,,
0.0004493415528617462,22599,,,,,,,,
,22599,6.184728145599365,24,,,,,,
0.00044780725794077035,22649,,,,,,,,
,22649,7.4276323318481445,24,,,,,,
0.0004462729630197944,22699,,,,,,,,
,22699,4.440673828125,24,,,,,,
0.00044473866809881853,22749,,,,,,,,
,22749,5.733978271484375,24,,,,,,
0.00044320437317784257,22799,,,,,,,,
,22799,5.579502582550049,24,,,,,,
0.0004416700782568666,22849,,,,,,,,
,22849,5.890163421630859,24,,,,,,
0.00044013578333589086,22899,,,,,,,,
,22899,4.7835235595703125,24,,,,,,
0.0004386014884149149,22949,,,,,,,,
,22949,5.594635009765625,24,,,,,,
0.00043706719349393894,22999,,,,,,,,
,22999,4.263008117675781,24,,,,,,
0.000435532898572963,23049,,,,,,,,
,23049,5.277151107788086,24,,,,,,
0.00043399860365198723,23099,,,,,,,,
,23099,6.132485866546631,24,,,,,,
0.00043246430873101127,23149,,,,,,,,
,23149,5.536159515380859,24,,,,,,
0.0004309300138100353,23199,,,,,,,,
,23199,6.989781856536865,24,,,,,,
0.00042939571888905945,23249,,,,,,,,
,23249,5.671271324157715,24,,,,,,
,23274,,24,78.40021514892578,98.60789489746094,63.038780212402344,,,
0.0004278614239680835,23299,,,,,,,,
,23299,5.731203079223633,25,,,,,,
0.00042632712904710763,23349,,,,,,,,
,23349,5.699394226074219,25,,,,,,
0.0004247928341261318,23399,,,,,,,,
,23399,6.146603107452393,25,,,,,,
0.0004232585392051558,23449,,,,,,,,
,23449,5.151340484619141,25,,,,,,
0.00042172424428417986,23499,,,,,,,,
,23499,5.091300010681152,25,,,,,,
0.0004201899493632039,23549,,,,,,,,
,23549,4.390924453735352,25,,,,,,
0.00041865565444222815,23599,,,,,,,,
,23599,5.927823066711426,25,,,,,,
0.0004171213595212522,23649,,,,,,,,
,23649,5.917113304138184,25,,,,,,
0.0004155870646002762,23699,,,,,,,,
,23699,4.455131530761719,25,,,,,,
0.00041405276967930037,23749,,,,,,,,
,23749,6.188732147216797,25,,,,,,
0.0004125184747583244,23799,,,,,,,,
,23799,5.7124176025390625,25,,,,,,
0.00041098417983734855,23849,,,,,,,,
,23849,6.25745153427124,25,,,,,,
0.0004094498849163726,23899,,,,,,,,
,23899,4.814579010009766,25,,,,,,
0.00040791558999539674,23949,,,,,,,,
,23949,5.874864101409912,25,,,,,,
0.0004063812950744208,23999,,,,,,,,
,23999,6.629443168640137,25,,,,,,
0.0004048470001534448,24049,,,,,,,,
,24049,5.097919464111328,25,,,,,,
0.00040331270523246907,24099,,,,,,,,
,24099,5.2666730880737305,25,,,,,,
0.0004017784103114931,24149,,,,,,,,
,24149,5.430076599121094,25,,,,,,
0.00040024411539051714,24199,,,,,,,,
,24199,6.051422119140625,25,,,,,,
,24205,,25,77.0221939086914,98.83409881591797,59.24748992919922,,,
0.0003987098204695412,24249,,,,,,,,
,24249,4.437913417816162,26,,,,,,
0.0003971755255485653,24299,,,,,,,,
,24299,5.400650978088379,26,,,,,,
0.00039564123062758947,24349,,,,,,,,
,24349,6.418947696685791,26,,,,,,
0.0003941069357066135,24399,,,,,,,,
,24399,5.255068778991699,26,,,,,,
0.00039257264078563765,24449,,,,,,,,
,24449,6.167667865753174,26,,,,,,
0.0003910383458646617,24499,,,,,,,,
,24499,5.8910322189331055,26,,,,,,
0.00038950405094368573,24549,,,,,,,,
,24549,5.158937454223633,26,,,,,,
0.0003879697560227099,24599,,,,,,,,
,24599,5.971436977386475,26,,,,,,
0.000386435461101734,24649,,,,,,,,
,24649,5.1845622062683105,26,,,,,,
0.00038490116618075806,24699,,,,,,,,
,24699,4.083365440368652,26,,,,,,
0.0003833668712597821,24749,,,,,,,,
,24749,5.438444137573242,26,,,,,,
0.00038183257633880624,24799,,,,,,,,
,24799,4.802890777587891,26,,,,,,
0.0003802982814178304,24849,,,,,,,,
,24849,4.669066905975342,26,,,,,,
0.0003787639864968544,24899,,,,,,,,
,24899,5.087628364562988,26,,,,,,
0.00037722969157587846,24949,,,,,,,,
,24949,5.035307884216309,26,,,,,,
0.0003756953966549026,24999,,,,,,,,
,24999,5.533799648284912,26,,,,,,
0.00037416110173392665,25049,,,,,,,,
,25049,5.235612392425537,26,,,,,,
0.0003726268068129508,25099,,,,,,,,
,25099,5.391109466552734,26,,,,,,
,25136,,26,78.31970977783203,98.83870697021484,60.0316047668457,,,
0.00037109251189197494,25149,,,,,,,,
,25149,5.393324851989746,27,,,,,,
0.000369558216970999,25199,,,,,,,,
,25199,5.190987586975098,27,,,,,,
0.000368023922050023,25249,,,,,,,,
,25249,7.0008864402771,27,,,,,,
0.00036648962712904705,25299,,,,,,,,
,25299,5.489058494567871,27,,,,,,
0.0003649553322080713,25349,,,,,,,,
,25349,5.142499923706055,27,,,,,,
0.00036342103728709534,25399,,,,,,,,
,25399,5.332979202270508,27,,,,,,
0.0003618867423661194,25449,,,,,,,,
,25449,6.439270973205566,27,,,,,,
0.0003603524474451435,25499,,,,,,,,
,25499,5.53160285949707,27,,,,,,
0.00035881815252416756,25549,,,,,,,,
,25549,5.974971771240234,27,,,,,,
0.0003572838576031917,25599,,,,,,,,
,25599,5.079771041870117,27,,,,,,
0.00035574956268221575,25649,,,,,,,,
,25649,5.284212112426758,27,,,,,,
0.0003542152677612399,25699,,,,,,,,
,25699,5.64372444152832,27,,,,,,
0.00035268097284026393,25749,,,,,,,,
,25749,5.6854681968688965,27,,,,,,
0.00035114667791928797,25799,,,,,,,,
,25799,5.0236968994140625,27,,,,,,
0.0003496123829983122,25849,,,,,,,,
,25849,5.815540313720703,27,,,,,,
0.00034807808807733626,25899,,,,,,,,
,25899,5.820522785186768,27,,,,,,
0.0003465437931563603,25949,,,,,,,,
,25949,5.487753868103027,27,,,,,,
0.00034500949823538444,25999,,,,,,,,
,25999,5.791642189025879,27,,,,,,
0.0003434752033144085,26049,,,,,,,,
,26049,4.728767395019531,27,,,,,,
,26067,,27,80.0105209350586,98.72355651855469,64.39302825927734,,,
0.00034194090839343263,26099,,,,,,,,
,26099,5.574474811553955,28,,,,,,
0.00034040661347245667,26149,,,,,,,,
,26149,5.907931327819824,28,,,,,,
0.0003388723185514808,26199,,,,,,,,
,26199,5.724798679351807,28,,,,,,
0.00033733802363050485,26249,,,,,,,,
,26249,5.205513000488281,28,,,,,,
0.000335803728709529,26299,,,,,,,,
,26299,5.259148597717285,28,,,,,,
0.00033426943378855314,26349,,,,,,,,
,26349,5.474786758422852,28,,,,,,
0.0003327351388675772,26399,,,,,,,,
,26399,6.076632976531982,28,,,,,,
0.0003312008439466012,26449,,,,,,,,
,26449,6.406456470489502,28,,,,,,
0.00032966654902562525,26499,,,,,,,,
,26499,5.087756633758545,28,,,,,,
0.0003281322541046495,26549,,,,,,,,
,26549,5.736019611358643,28,,,,,,
0.00032659795918367355,26599,,,,,,,,
,26599,5.456907272338867,28,,,,,,
0.0003250636642626976,26649,,,,,,,,
,26649,5.944458961486816,28,,,,,,
0.00032352936934172173,26699,,,,,,,,
,26699,5.50457763671875,28,,,,,,
0.00032199507442074577,26749,,,,,,,,
,26749,6.1761980056762695,28,,,,,,
0.0003204607794997699,26799,,,,,,,,
,26799,4.911568641662598,28,,,,,,
0.00031892648457879395,26849,,,,,,,,
,26849,5.103261947631836,28,,,,,,
0.0003173921896578181,26899,,,,,,,,
,26899,5.610383987426758,28,,,,,,
0.00031585789473684213,26949,,,,,,,,
,26949,4.581886291503906,28,,,,,,
,26998,,28,81.27780151367188,98.6032943725586,64.97592163085938,,,
0.00031432359981586617,26999,,,,,,,,
,26999,5.109230995178223,29,,,,,,
0.0003127893048948904,27049,,,,,,,,
,27049,3.9245052337646484,29,,,,,,
0.00031125500997391446,27099,,,,,,,,
,27099,5.281667709350586,29,,,,,,
0.0003097207150529385,27149,,,,,,,,
,27149,5.0186052322387695,29,,,,,,
0.00030818642013196254,27199,,,,,,,,
,27199,5.166233062744141,29,,,,,,
0.0003066521252109867,27249,,,,,,,,
,27249,6.291104316711426,29,,,,,,
0.00030511783029001083,27299,,,,,,,,
,27299,5.116575241088867,29,,,,,,
0.00030358353536903487,27349,,,,,,,,
,27349,5.293102264404297,29,,,,,,
0.000302049240448059,27399,,,,,,,,
,27399,6.275049686431885,29,,,,,,
0.00030051494552708305,27449,,,,,,,,
,27449,5.201988220214844,29,,,,,,
0.0002989806506061071,27499,,,,,,,,
,27499,3.8876051902770996,29,,,,,,
0.00029744635568513123,27549,,,,,,,,
,27549,4.795478343963623,29,,,,,,
0.0002959120607641554,27599,,,,,,,,
,27599,4.191399574279785,29,,,,,,
0.0002943777658431794,27649,,,,,,,,
,27649,4.710566520690918,29,,,,,,
0.00029284347092220346,27699,,,,,,,,
,27699,5.192770481109619,29,,,,,,
0.0002913091760012276,27749,,,,,,,,
,27749,5.8601202964782715,29,,,,,,
0.00028977488108025175,27799,,,,,,,,
,27799,4.576125144958496,29,,,,,,
0.0002882405861592758,27849,,,,,,,,
,27849,5.203449249267578,29,,,,,,
0.0002867062912382998,27899,,,,,,,,
,27899,4.418510437011719,29,,,,,,
,27929,,29,82.68607330322266,98.7199935913086,65.83769226074219,,,
0.00028517199631732397,27949,,,,,,,,
,27949,4.670860290527344,30,,,,,,
0.000283637701396348,27999,,,,,,,,
,27999,5.351592540740967,30,,,,,,
0.00028210340647537215,28049,,,,,,,,
,28049,5.224709510803223,30,,,,,,
0.0002805691115543963,28099,,,,,,,,
,28099,6.000332355499268,30,,,,,,
0.00027903481663342034,28149,,,,,,,,
,28149,5.003235816955566,30,,,,,,
0.0002775005217124444,28199,,,,,,,,
,28199,4.918965816497803,30,,,,,,
0.0002759662267914684,28249,,,,,,,,
,28249,5.289712905883789,30,,,,,,
0.00027443193187049267,28299,,,,,,,,
,28299,5.400853633880615,30,,,,,,
0.0002728976369495167,28349,,,,,,,,
,28349,5.04881477355957,30,,,,,,
0.00027136334202854074,28399,,,,,,,,
,28399,5.369459629058838,30,,,,,,
0.0002698290471075649,28449,,,,,,,,
,28449,6.044114589691162,30,,,,,,
0.0002682947521865889,28499,,,,,,,,
,28499,4.741629600524902,30,,,,,,
0.00026676045726561307,28549,,,,,,,,
,28549,4.989721775054932,30,,,,,,
0.0002652261623446372,28599,,,,,,,,
,28599,4.741114616394043,30,,,,,,
0.00026369186742366125,28649,,,,,,,,
,28649,4.881462097167969,30,,,,,,
0.0002621575725026853,28699,,,,,,,,
,28699,5.256429195404053,30,,,,,,
0.00026062327758170933,28749,,,,,,,,
,28749,4.443521499633789,30,,,,,,
0.0002590889826607336,28799,,,,,,,,
,28799,4.796154975891113,30,,,,,,
0.0002575546877397576,28849,,,,,,,,
,28849,5.495228290557861,30,,,,,,
,28860,,30,82.8135757446289,98.74777221679688,66.09306335449219,,,
0.00025602039281878166,28899,,,,,,,,
,28899,4.63289213180542,31,,,,,,
0.0002544860978978058,28949,,,,,,,,
,28949,5.0919647216796875,31,,,,,,
0.00025295180297682984,28999,,,,,,,,
,28999,4.932762145996094,31,,,,,,
0.000251417508055854,29049,,,,,,,,
,29049,5.302626609802246,31,,,,,,
0.000249883213134878,29099,,,,,,,,
,29099,6.211546897888184,31,,,,,,
0.00024834891821390217,29149,,,,,,,,
,29149,5.179230213165283,31,,,,,,
0.0002468146232929262,29199,,,,,,,,
,29199,5.521995544433594,31,,,,,,
0.00024528032837195035,29249,,,,,,,,
,29249,3.9121456146240234,31,,,,,,
0.0002437460334509745,29299,,,,,,,,
,29299,3.741931438446045,31,,,,,,
0.00024221173852999854,29349,,,,,,,,
,29349,5.247389316558838,31,,,,,,
0.00024067744360902258,29399,,,,,,,,
,29399,4.241062164306641,31,,,,,,
0.0002391431486880466,29449,,,,,,,,
,29449,4.525013446807861,31,,,,,,
0.00023760885376707087,29499,,,,,,,,
,29499,4.597382545471191,31,,,,,,
0.0002360745588460949,29549,,,,,,,,
,29549,6.141094207763672,31,,,,,,
0.00023454026392511894,29599,,,,,,,,
,29599,4.815427780151367,31,,,,,,
0.0002330059690041431,29649,,,,,,,,
,29649,4.696310997009277,31,,,,,,
0.00023147167408316713,29699,,,,,,,,
,29699,5.102849006652832,31,,,,,,
0.00022993737916219127,29749,,,,,,,,
,29749,5.263230323791504,31,,,,,,
,29791,,31,83.68573760986328,98.82030487060547,66.59163665771484,,,
0.0002284030842412153,29799,,,,,,,,
,29799,4.299576282501221,32,,,,,,
0.00022686878932023946,29849,,,,,,,,
,29849,4.95510721206665,32,,,,,,
0.0002253344943992635,29899,,,,,,,,
,29899,5.138262748718262,32,,,,,,
0.00022380019947828753,29949,,,,,,,,
,29949,4.899960994720459,32,,,,,,
0.00022226590455731179,29999,,,,,,,,
,29999,4.502529621124268,32,,,,,,
0.00022073160963633582,30049,,,,,,,,
,30049,4.891751289367676,32,,,,,,
0.00021919731471535986,30099,,,,,,,,
,30099,3.9163355827331543,32,,,,,,
0.0002176630197943839,30149,,,,,,,,
,30149,4.002860069274902,32,,,,,,
0.00021612872487340804,30199,,,,,,,,
,30199,4.440809726715088,32,,,,,,
0.0002145944299524322,30249,,,,,,,,
,30249,5.047072410583496,32,,,,,,
0.00021306013503145623,30299,,,,,,,,
,30299,4.41953706741333,32,,,,,,
0.00021152584011048037,30349,,,,,,,,
,30349,4.191155433654785,32,,,,,,
0.0002099915451895044,30399,,,,,,,,
,30399,4.401525497436523,32,,,,,,
0.00020845725026852845,30449,,,,,,,,
,30449,4.757166862487793,32,,,,,,
0.0002069229553475527,30499,,,,,,,,
,30499,3.9774885177612305,32,,,,,,
0.00020538866042657674,30549,,,,,,,,
,30549,4.4468278884887695,32,,,,,,
0.00020385436550560078,30599,,,,,,,,
,30599,4.916186332702637,32,,,,,,
0.00020232007058462482,30649,,,,,,,,
,30649,5.145024299621582,32,,,,,,
0.00020078577566364896,30699,,,,,,,,
,30699,4.518741607666016,32,,,,,,
,30722,,32,84.11184692382812,98.77202606201172,67.38850402832031,,,
0.0001992514807426731,30749,,,,,,,,
,30749,4.740822792053223,33,,,,,,
0.00019771718582169715,30799,,,,,,,,
,30799,5.152775764465332,33,,,,,,
0.0001961828909007213,30849,,,,,,,,
,30849,4.2441558837890625,33,,,,,,
0.00019464859597974533,30899,,,,,,,,
,30899,4.988827228546143,33,,,,,,
0.00019311430105876937,30949,,,,,,,,
,30949,4.4136152267456055,33,,,,,,
0.0001915800061377935,30999,,,,,,,,
,30999,4.482275009155273,33,,,,,,
0.00019004571121681766,31049,,,,,,,,
,31049,3.384119987487793,33,,,,,,
0.0001885114162958417,31099,,,,,,,,
,31099,4.007790565490723,33,,,,,,
0.00018697712137486573,31149,,,,,,,,
,31149,4.206289768218994,33,,,,,,
0.00018544282645388988,31199,,,,,,,,
,31199,4.157550811767578,33,,,,,,
0.00018390853153291403,31249,,,,,,,,
,31249,5.220819473266602,33,,,,,,
0.00018237423661193806,31299,,,,,,,,
,31299,5.76304817199707,33,,,,,,
0.0001808399416909621,31349,,,,,,,,
,31349,5.083533763885498,33,,,,,,
0.00017930564676998625,31399,,,,,,,,
,31399,4.6136155128479,33,,,,,,
0.00017777135184901028,31449,,,,,,,,
,31449,4.224925994873047,33,,,,,,
0.00017623705692803443,31499,,,,,,,,
,31499,5.231324672698975,33,,,,,,
0.00017470276200705858,31549,,,,,,,,
,31549,4.620665550231934,33,,,,,,
0.00017316846708608261,31599,,,,,,,,
,31599,3.507655382156372,33,,,,,,
0.00017163417216510665,31649,,,,,,,,
,31649,4.690987586975098,33,,,,,,
,31653,,33,85.72874450683594,98.80498504638672,67.07892608642578,,,
0.0001700998772441307,31699,,,,,,,,
,31699,4.574901580810547,34,,,,,,
0.00016856558232315494,31749,,,,,,,,
,31749,5.349816799163818,34,,,,,,
0.00016703128740217898,31799,,,,,,,,
,31799,3.8784656524658203,34,,,,,,
0.00016549699248120302,31849,,,,,,,,
,31849,3.924243211746216,34,,,,,,
0.00016396269756022716,31899,,,,,,,,
,31899,4.507079124450684,34,,,,,,
0.0001624284026392512,31949,,,,,,,,
,31949,5.397302627563477,34,,,,,,
0.00016089410771827535,31999,,,,,,,,
,31999,4.332537651062012,34,,,,,,
0.00015935981279729939,32049,,,,,,,,
,32049,4.401130676269531,34,,,,,,
0.00015782551787632353,32099,,,,,,,,
,32099,4.57642126083374,34,,,,,,
0.00015629122295534757,32149,,,,,,,,
,32149,4.1891889572143555,34,,,,,,
0.00015475692803437171,32199,,,,,,,,
,32199,4.153304100036621,34,,,,,,
0.00015322263311339586,32249,,,,,,,,
,32249,4.294350624084473,34,,,,,,
0.0001516883381924199,32299,,,,,,,,
,32299,4.236512184143066,34,,,,,,
0.00015015404327144394,32349,,,,,,,,
,32349,4.50125789642334,34,,,,,,
0.00014861974835046797,32399,,,,,,,,
,32399,4.326103210449219,34,,,,,,
0.00014708545342949223,32449,,,,,,,,
,32449,4.3285017013549805,34,,,,,,
0.00014555115850851627,32499,,,,,,,,
,32499,4.5402750968933105,34,,,,,,
0.0001440168635875403,32549,,,,,,,,
,32549,4.618427276611328,34,,,,,,
,32584,,34,86.22610473632812,98.92417907714844,67.30121612548828,,,
0.00014248256866656445,32599,,,,,,,,
,32599,4.077168941497803,35,,,,,,
0.0001409482737455885,32649,,,,,,,,
,32649,4.01496696472168,35,,,,,,
0.00013941397882461263,32699,,,,,,,,
,32699,4.689314842224121,35,,,,,,
0.00013787968390363667,32749,,,,,,,,
,32749,3.929337501525879,35,,,,,,
0.00013634538898266082,32799,,,,,,,,
,32799,4.749607086181641,35,,,,,,
0.00013481109406168485,32849,,,,,,,,
,32849,4.3692827224731445,35,,,,,,
0.0001332767991407089,32899,,,,,,,,
,32899,4.350055694580078,35,,,,,,
0.00013174250421973315,32949,,,,,,,,
,32949,5.061274528503418,35,,,,,,
0.00013020820929875718,32999,,,,,,,,
,32999,3.5139284133911133,35,,,,,,
0.00012867391437778122,33049,,,,,,,,
,33049,4.543832302093506,35,,,,,,
0.00012713961945680526,33099,,,,,,,,
,33099,4.800126075744629,35,,,,,,
0.0001256053245358294,33149,,,,,,,,
,33149,4.767366886138916,35,,,,,,
0.00012407102961485355,33199,,,,,,,,
,33199,4.61047887802124,35,,,,,,
0.0001225367346938776,33249,,,,,,,,
,33249,4.976414680480957,35,,,,,,
0.00012100243977290173,33299,,,,,,,,
,33299,4.9466705322265625,35,,,,,,
0.00011946814485192577,33349,,,,,,,,
,33349,3.8438193798065186,35,,,,,,
0.00011793384993094981,33399,,,,,,,,
,33399,4.42280387878418,35,,,,,,
0.00011639955500997406,33449,,,,,,,,
,33449,4.293938636779785,35,,,,,,
0.0001148652600889981,33499,,,,,,,,
,33499,4.6656975746154785,35,,,,,,
,33515,,35,86.88973999023438,98.87297058105469,68.85348510742188,,,
0.00011333096516802214,33549,,,,,,,,
,33549,3.9674792289733887,36,,,,,,
0.00011179667024704618,33599,,,,,,,,
,33599,4.485914707183838,36,,,,,,
0.00011026237532607032,33649,,,,,,,,
,33649,4.424102306365967,36,,,,,,
0.00010872808040509447,33699,,,,,,,,
,33699,4.160536289215088,36,,,,,,
0.0001071937854841185,33749,,,,,,,,
,33749,3.514124870300293,36,,,,,,
0.00010565949056314265,33799,,,,,,,,
,33799,4.71237850189209,36,,,,,,
0.00010412519564216669,33849,,,,,,,,
,33849,3.8601791858673096,36,,,,,,
0.00010259090072119073,33899,,,,,,,,
,33899,4.4124298095703125,36,,,,,,
0.00010105660580021487,33949,,,,,,,,
,33949,5.020975589752197,36,,,,,,
9.952231087923902e-05,33999,,,,,,,,
,33999,4.668281078338623,36,,,,,,
9.798801595826306e-05,34049,,,,,,,,
,34049,4.333014488220215,36,,,,,,
9.64537210372871e-05,34099,,,,,,,,
,34099,4.045479774475098,36,,,,,,
9.491942611631124e-05,34149,,,,,,,,
,34149,4.533656120300293,36,,,,,,
9.338513119533539e-05,34199,,,,,,,,
,34199,4.325087547302246,36,,,,,,
9.185083627435942e-05,34249,,,,,,,,
,34249,3.922609329223633,36,,,,,,
9.031654135338346e-05,34299,,,,,,,,
,34299,4.608865261077881,36,,,,,,
8.87822464324076e-05,34349,,,,,,,,
,34349,3.7410335540771484,36,,,,,,
8.724795151143164e-05,34399,,,,,,,,
,34399,4.071816921234131,36,,,,,,
,34446,,36,87.01951599121094,98.79875183105469,70.57423400878906,,,
8.571365659045579e-05,34449,,,,,,,,
,34449,3.719576358795166,37,,,,,,
8.417936166947994e-05,34499,,,,,,,,
,34499,4.474191188812256,37,,,,,,
8.264506674850397e-05,34549,,,,,,,,
,34549,4.032775402069092,37,,,,,,
8.111077182752801e-05,34599,,,,,,,,
,34599,4.247794151306152,37,,,,,,
7.957647690655205e-05,34649,,,,,,,,
,34649,3.8293066024780273,37,,,,,,
7.80421819855763e-05,34699,,,,,,,,
,34699,4.163055419921875,37,,,,,,
7.650788706460034e-05,34749,,,,,,,,
,34749,4.307076454162598,37,,,,,,
7.497359214362438e-05,34799,,,,,,,,
,34799,3.849541187286377,37,,,,,,
7.343929722264852e-05,34849,,,,,,,,
,34849,4.06484317779541,37,,,,,,
7.190500230167256e-05,34899,,,,,,,,
,34899,5.003386497497559,37,,,,,,
7.037070738069671e-05,34949,,,,,,,,
,34949,4.782001495361328,37,,,,,,
6.883641245972075e-05,34999,,,,,,,,
,34999,5.332290172576904,37,,,,,,
6.730211753874489e-05,35049,,,,,,,,
,35049,3.6478567123413086,37,,,,,,
6.576782261776893e-05,35099,,,,,,,,
,35099,3.9640133380889893,37,,,,,,
6.423352769679307e-05,35149,,,,,,,,
,35149,4.268573760986328,37,,,,,,
6.269923277581722e-05,35199,,,,,,,,
,35199,3.9102060794830322,37,,,,,,
6.116493785484126e-05,35249,,,,,,,,
,35249,5.545384407043457,37,,,,,,
5.9630642933865296e-05,35299,,,,,,,,
,35299,3.840456008911133,37,,,,,,
5.8096348012889334e-05,35349,,,,,,,,
,35349,3.5253591537475586,37,,,,,,
,35377,,37,87.28208923339844,98.88013458251953,69.70941162109375,,,
5.656205309191359e-05,35399,,,,,,,,
,35399,4.048827171325684,38,,,,,,
5.5027758170937626e-05,35449,,,,,,,,
,35449,4.4735870361328125,38,,,,,,
5.349346324996166e-05,35499,,,,,,,,
,35499,3.609931468963623,38,,,,,,
5.195916832898581e-05,35549,,,,,,,,
,35549,4.416925430297852,38,,,,,,
5.042487340800985e-05,35599,,,,,,,,
,35599,5.177464485168457,38,,,,,,
4.889057848703399e-05,35649,,,,,,,,
,35649,3.872857093811035,38,,,,,,
4.735628356605814e-05,35699,,,,,,,,
,35699,3.419004440307617,38,,,,,,
4.5821988645082176e-05,35749,,,,,,,,
,35749,3.7602756023406982,38,,,,,,
4.4287693724106214e-05,35799,,,,,,,,
,35799,4.721627235412598,38,,,,,,
4.275339880313025e-05,35849,,,,,,,,
,35849,3.6926751136779785,38,,,,,,
4.1219103882154506e-05,35899,,,,,,,,
,35899,4.188922882080078,38,,,,,,
3.968480896117854e-05,35949,,,,,,,,
,35949,4.108654975891113,38,,,,,,
3.815051404020258e-05,35999,,,,,,,,
,35999,3.499582290649414,38,,,,,,
3.661621911922673e-05,36049,,,,,,,,
,36049,3.6197707653045654,38,,,,,,
3.5081924198250764e-05,36099,,,,,,,,
,36099,4.578118801116943,38,,,,,,
3.354762927727491e-05,36149,,,,,,,,
,36149,4.440920829772949,38,,,,,,
3.201333435629895e-05,36199,,,,,,,,
,36199,4.261134147644043,38,,,,,,
3.0479039435323094e-05,36249,,,,,,,,
,36249,3.678101062774658,38,,,,,,
2.894474451434713e-05,36299,,,,,,,,
,36299,3.614187240600586,38,,,,,,
,36308,,38,87.86721801757812,98.96883392333984,69.06449890136719,,,
2.741044959337117e-05,36349,,,,,,,,
,36349,3.9460878372192383,39,,,,,,
2.5876154672395423e-05,36399,,,,,,,,
,36399,3.893533229827881,39,,,,,,
2.434185975141946e-05,36449,,,,,,,,
,36449,3.9347856044769287,39,,,,,,
2.2807564830443607e-05,36499,,,,,,,,
,36499,4.499044418334961,39,,,,,,
2.1273269909467644e-05,36549,,,,,,,,
,36549,5.027380466461182,39,,,,,,
1.9738974988491682e-05,36599,,,,,,,,
,36599,3.8427653312683105,39,,,,,,
1.8204680067515936e-05,36649,,,,,,,,
,36649,3.682096481323242,39,,,,,,
1.6670385146539974e-05,36699,,,,,,,,
,36699,3.685361385345459,39,,,,,,
1.5136090225564012e-05,36749,,,,,,,,
,36749,3.63737154006958,39,,,,,,
1.3601795304588049e-05,36799,,,,,,,,
,36799,4.064691543579102,39,,,,,,
1.2067500383612087e-05,36849,,,,,,,,
,36849,4.279567241668701,39,,,,,,
1.0533205462636341e-05,36899,,,,,,,,
,36899,4.2230224609375,39,,,,,,
8.998910541660379e-06,36949,,,,,,,,
,36949,4.946702480316162,39,,,,,,
7.464615620684416e-06,36999,,,,,,,,
,36999,4.258807182312012,39,,,,,,
5.930320699708454e-06,37049,,,,,,,,
,37049,3.596484422683716,39,,,,,,
4.396025778732491e-06,37099,,,,,,,,
,37099,4.155581474304199,39,,,,,,
2.8617308577567457e-06,37149,,,,,,,,
,37149,4.864090919494629,39,,,,,,
1.3274359367807832e-06,37199,,,,,,,,
,37199,3.771121025085449,39,,,,,,
,37239,,39,88.19219207763672,98.90476989746094,70.44613647460938,,,
,37240,,40,,,,87.73883819580078,98.8507308959961,70.9161376953125
